wavelength,n,kappa
529.0,1.379228664577385,0
534.6,1.3784312092612816,0
540.2,1.3776584257073738,0
545.8,1.3769093065824893,0
551.4,1.376182895444563,0
557.0,1.3754782836882633,0
562.6,1.374794607702368,0
568.2,1.3741310462222787,0
573.8,1.3734868178625106,0
579.4,1.3728611788153124,0
585.0,1.3722534207027541,0