wavelength,n,kappa
529.0,1.0006635672160262,0
534.6,1.0006628739101118,0
540.2,1.0006622020537734,0
545.8,1.0006615507712382,0
551.4,1.0006609192309772,0
557.0,1.0006603066430513,0
562.6,1.0006597122566385,0
568.2,1.0006591353577332,0
573.8,1.0006585752670007,0
579.4,1.000658031337776,0
585.0,1.0006575029541969,0