wavelength,n,kappa
529.0,1.363675141180327,3.16566e-09
534.6,1.3634424523324142,3.265477999999995e-09
540.2,1.3632169524164721,3.5679939999999994e-09
545.8,1.3629983308999871,3.493839999999981e-09
551.4,1.362786293822524,3.9227740000000005e-09
557.0,1.3625805627376595,3.81635e-09
562.6,1.3623808737334677,3.916598e-09
568.2,1.3621869765249188,3.842433999999997e-09
573.8,1.3619986336121803,3.824595999999999e-09
579.4,1.3618156194993734,4.139592000000015e-09
585.0,1.3616377199688396,4.41786e-09