wavelength,n,kappa
529.0,1.0007573808591308,0
534.6,1.0007568727494704,0
540.2,1.0007563803597637,0
545.8,1.0007559030481745,0
551.4,1.0007554402052927,0
557.0,1.0007549912521878,0
562.6,1.000754555638598,0
568.2,1.000754132841243,0
573.8,1.0007537223622525,0
579.4,1.000753323727699,0
585.0,1.00075293648623,0