wavelength,n,kappa
529.0,1.361490956854419,0
534.6,1.361231468155468,0
540.2,1.3609806425216235,0
545.8,1.3607380943343146,0
551.4,1.3605034593619125,0
557.0,1.3602763933447302,0
562.6,1.360056570688375,0
568.2,1.3598436832560623,0
573.8,1.359637439251405,0
579.4,1.3594375621840007,0
585.0,1.3592437899108667,0