wavelength,n,kappa
529.0,1.3795227888576322,0
534.6,1.379227592244325,0
540.2,1.3789412222569646,0
545.8,1.3786633265359847,0
551.4,1.378393570549087,0
557.0,1.3781316364802918,0
562.6,1.3778772222026001,0
568.2,1.3776300403268102,0
573.8,1.3773898173198034,0
579.4,1.3771562926862955,0
585.0,1.376929218208654,0