wavelength,n,kappa
529.0,1.4225630952903945,0
534.6,1.4222986615416262,0
540.2,1.4220454524651591,0
545.8,1.4218027914112046,0
551.4,1.4215700527034494,0
557.0,1.4213466571291162,0
562.6,1.4211320678796129,0
568.2,1.4209257868921426,0
573.8,1.4207273515485936,0
579.4,1.4205363316931805,0
585.0,1.4203523269348302,0