wavelength,n,kappa
529.0,1.5014808230889507,0
534.6,1.5008318652981885,0
540.2,1.5002076256038952,0
545.8,1.4996067415920653,0
551.4,1.4990279490177338,0
557.0,1.4984700732723413,0
562.6,1.497932021699856,0
568.2,1.4974127766681176,0
573.8,1.4969113893130426,0
579.4,1.4964269738831093,0
585.0,1.4959587026200492,0