wavelength,n,kappa
529.0,1.5022410910315174,1.06504e-08
534.6,1.5016336877917227,1.0286559999999987e-08
540.2,1.5010465232919794,8.846868e-09
545.8,1.5004786934279999,8.191627999999972e-09
551.4,1.4999293447845545,7.450693999999995e-09
557.0,1.4993976712166521,7.18059e-09
562.6,1.4988829107000046,7.835083999999999e-09
568.2,1.4983843424265526,7.080787999999993e-09
573.8,1.4979012841232624,7.360882000000019e-09
579.4,1.4974330895745915,7.266572000000013e-09
585.0,1.4969791463309479,6.6105e-09