wavelength,n,kappa
529.0,1.499648979343803,0
534.6,1.499064111995846,0
540.2,1.498498687487259,0
545.8,1.497951839666987,0
551.4,1.4974227507927165,0
557.0,1.4969106482770937,0
562.6,1.4964148016892893,0
568.2,1.4959345199890197,0
573.8,1.4954691489724437,0
579.4,1.495018068911395,0
585.0,1.4945806923692373,0