wavelength,n,kappa
529.0,1.000448009846913,0
534.6,1.0004475526092045,0
540.2,1.0004471095175673,0
545.8,1.0004466799944263,0
551.4,1.0004462634913853,0
557.0,1.0004458594874763,0
562.6,1.0004454674875296,0
568.2,1.0004450870206565,0
573.8,1.0004447176388325,0
579.4,1.0004443589155805,0
585.0,1.0004440104447367,0