wavelength,n,kappa
529.0,1.3306370598116881,0
534.6,1.3303157304874231,0
540.2,1.330004948263234,0
545.8,1.3297042504056746,0
551.4,1.3294131995951342,0
557.0,1.3291313822502995,0
562.6,1.32885840698141,0
568.2,1.3285939031610055,0
573.8,1.3283375196019862,0
579.4,1.328088923333794,0
585.0,1.3278477984684036,0