{"forces": {"__ndarray__": [[2, 3], "float64", [1.5755527897431767e-14, -2.549483593090248e-14, 0.03095940377336567, -1.0429556766842354e-14, -2.250210945827542e-14, -0.030959403774270547]]}, "dipole": {"__ndarray__": [[3], "float64", [1.520216021541705e-16, -1.3035258823162384e-16, 3.169165593346507e-16]]}}