{"forces": {"__ndarray__": [[2, 3], "float64", [-4.533982340820453e-07, -0.0010665375642218752, 0.02880250330139311, -3.6769319513469965e-07, 0.03756603825198592, -0.03324878513468859]]}, "dipole": {"__ndarray__": [[3], "float64", [2.075754031430385e-08, 1.725786095608926e-05, -6.955648310788265e-07]]}}