{"forces": {"__ndarray__": [[2, 3], "float64", [-0.0010609410519828114, 1.9965590598836054e-08, 0.02880257576295478, 0.037563783292677254, 1.9787547763860684e-08, -0.03324915627997109]]}, "dipole": {"__ndarray__": [[3], "float64", [1.7168497822365686e-05, -7.034414479592602e-10, -6.699712070543704e-07]]}}