{"forces": {"__ndarray__": [[2, 3], "float64", [-1.7721098702497118e-07, -0.00011349474909702422, 0.3900710937302364, -1.7691228035657797e-07, 5.7428676314929264e-05, -0.3709709354690436]]}, "dipole": {"__ndarray__": [[3], "float64", [2.4799703965317596e-08, 7.54547806864486e-06, -5.769634674388466e-07]]}}