{"forces": {"__ndarray__": [[2, 3], "float64", [1.2104236957144862e-05, 0.0010734352967793255, 0.02879214254071746, -3.078093684187627e-05, -0.037524407215719806, -0.03326107238154798]]}, "dipole": {"__ndarray__": [[3], "float64", [-8.606222059454279e-07, -1.6336707461720402e-05, 9.857135784844523e-08]]}}