{"forces": {"__ndarray__": [[2, 3], "float64", [-2.84003729814456e-08, -9.252957935203574e-07, -0.2887746456759048, -2.8486443955402488e-08, -9.251772596367667e-07, 0.2883308897231738]]}, "dipole": {"__ndarray__": [[3], "float64", [2.68446972350892e-09, 8.762993218138656e-08, 1.6399524158342974e-06]]}}