{"forces": {"__ndarray__": [[2, 3], "float64", [-3.783493696026384e-07, 0.03756615064915078, 0.03324878825650549, -4.582064397545432e-07, -0.001066392647504355, -0.028802478877733958]]}, "dipole": {"__ndarray__": [[3], "float64", [2.087342083956753e-08, 1.7252414690512215e-05, 6.94787064790948e-07]]}}