{"forces": {"__ndarray__": [[2, 3], "float64", [-3.1612572869946495e-08, -1.041739810020196e-06, 0.3710918962991187, -3.170394552931686e-08, -1.0472966798241193e-06, -0.3899838179135614]]}, "dipole": {"__ndarray__": [[3], "float64", [2.314003282792231e-09, 7.649727870547948e-08, -2.6990628208881254e-07]]}}