{"forces": {"__ndarray__": [[2, 3], "float64", [0.0011014402176566323, 2.65863339286574e-07, 0.028802671040497982, -0.03741858821370959, 2.6589279129675065e-07, -0.033319905796308474]]}, "dipole": {"__ndarray__": [[3], "float64", [-1.871629185984382e-05, -1.6810836563298213e-08, 3.524219604790304e-07]]}}