{"forces": {"__ndarray__": [[2, 3], "float64", [-0.03758069919599929, -7.656558659792517e-15, 0.03327890256143915, 0.0010651024165864928, 2.1790556528504727e-15, -0.028779997228867774]]}, "dipole": {"__ndarray__": [[3], "float64", [-1.874306428768431e-05, -1.0051112826802703e-15, -1.6905873367127172e-07]]}}