{"forces": {"__ndarray__": [[2, 3], "float64", [-2.459937088315693e-07, 5.779227445798025e-05, -0.2882175572012838, -2.4603540800821174e-07, -0.0001327459231370325, 0.2888169321503493]]}, "dipole": {"__ndarray__": [[3], "float64", [2.7077420462054898e-08, 8.348423693044557e-06, -1.0211367807682179e-06]]}}