{"forces": {"__ndarray__": [[2, 3], "float64", [0.037565347917715076, -3.786684655254882e-14, 0.033248687011035186, -0.0010665945403866073, 4.149645254751426e-15, -0.028802443451762107]]}, "dipole": {"__ndarray__": [[3], "float64", [1.7239510712618055e-05, -5.416469349504623e-16, 6.861802395577783e-07]]}}