{"forces": {"__ndarray__": [[2, 3], "float64", [-2.9042914064246674e-05, -0.037522428949342365, 0.03326082186467877, 1.3713572636988347e-05, 0.0010752244348390813, -0.02879221557639792]]}, "dipole": {"__ndarray__": [[3], "float64", [-9.114109023451706e-07, -1.639099545845646e-05, -8.800799273483909e-08]]}}